address,reason
DefcyKc4yAjRsCLZjdxWuSUzVohXtLna9g22y3pBCm2z, credit to @dethective on Twitter
Gr3eiFhPfLAaA4SSHYqan8hcBB9dHLxRC176tfRtS4eb, credit to @dethective on Twitter
2NHGzdMGW4Zoe4Szypj3QpQuZR2mq3qRgQk6ek1KkH7V, credit to @dethective on Twitter
13X42NiMGh9hRRFUZEnM8dwauZbHNXqu11TAq9LYYki2, credit to @dethective on Twitter
HyzGo2wCce9oiRfz1ox9DJZB63gjn8TAbcv819XZmz8Q, credit to @dethective on Twitter
7qN8RpRpqgQf1gH6pE11vCrWfSH6t9WGZqepR33g5ao7, credit to @dethective on Twitter
G5nxEXuFMfV74DSnsrSatqCW32F34XUnBeq3PfDS7w5E, credit to @dethective on Twitter
8va31NrTqLLnTcZ4FHDx68BET9nFY7XaGobidSHMPcCE, credit to dethective & arhkam
BXcqm8rcfv4DDck5vvhJA5y1tf461cM5a5bcfGw7TpUT, credit to dethective & arhkam
AnBLHAFf4ta8rQTYDUsoNpys64xCATRJ8D7R537q2Rqu, credit to dethective & arhkam
hKDWCErDebjF19Y8crpWJLryvEtV4kncKxwBTV8fq7K, credit to dethective & arhkam
Ciani8inhuHGRr78K2zdhVWZoXjmVxpC9LPnZu5dpu6J, credit to dethective & arhkam
3obwPY8GPnCYp3SmVcuMwdivUCUpX9TJKTa2iDzzKzFF, credit to dethective & arhkam
BdBCcBseQyoiCh8y24DSRuuLvRbGsTP5Uup4T8iktjQr, credit to dethective & arhkam
Z8NrYPUhhLGRXhx3K3XPyWssAdBGq6b21rbhWmbQnb7, credit to dethective & arhkam
DJZohZ5bF5qSfsHae3smJMg9Y3bQ6HJeu7UStqZ3rwfS, credit to dethective & arhkam
569m2HS4M1RTUeo7SKyyrA6FJMhvNwVi7daYHvWNgHL1, credit to dethective & arhkam
AfaYmzaAaJs5z5BABPGW8ijT1JyGdk59gFvbv36tXvQM, credit to dethective & arhkam
5Vf3vme4jVNZVFj5s5KRydPbbgw45brFE35iAEmvkdch, credit to dethective & arhkam
AuFT4SY5wh4UyGpeFPcvB9C2vqNFmdwVGEczQVcF4CMf, credit to dethective & arhkam
EM49aTkEUSwBziX6fKGwLVCtFEqVUJqTSMMEC9iYcJNt, credit to dethective & arhkam
3w54vu99nW8RZr5YfDnYBAYPgsUY9fsWPWm5iUndRWmW, credit to dethective & arhkam
BjaXVxiJpJhki8xWvvBhT3eZSNuypT9WopQ5R1JuFnpT, credit to dethective & arhkam
DqqgYwPZ2cV9sGiuX1HVYGrz4V2xTL66ERMYMiRDUpLH, credit to dethective & arhkam
47YhCmz4czZxqRSx5PeGE3pYy2YLpZfmYdwuWvRHc4SY, credit to dethective & arhkam
6uiPsbvaTn3G4xdNzDuzuhEi9X92GgMumy1xQMqx6SJ6, credit to dethective & arhkam
5AJVX63jfxjSNqCznrKtQCNitVU8go3ipwE3r2y6GbYA, credit to dethective & arhkam
eRzHQ84oTdX5mfHJdnF3QZYKrrEGZBGgBK32pyQk8Vz, credit to dethective & arhkam
7v252izhgEoCMoUMBqa7H2e8RNBXf5choGvvpjMGGdw4, credit to dethective & arhkam
FrzNdh2QrEDQDKocT5oAkE7Dur4Ct7hGE2PksCZYFmSb, credit to dethective & arhkam
GiV2uU8QBPyi27rVNf4SLSWTYkbg6BnbgYHmtSQnfVF3, credit to dethective & arhkam
DokXQ6tdZH7JEaowd55QhuvYuudatPPGmTnohwVN95Y2, credit to dethective & arhkam
3G8wUc5pCrEqCYRR7zUgmpUey6EwmfqttdXk1LYKL9Vg, credit to dethective & arhkam
7h9AyxycSnBrHZuJtaJX9mBodnsJKhVP1AH2CcHUdSE2, credit to dethective & arhkam
7B3zZsrEqBtKNiKwuYwPi3TjK3goGDSWezkDtvVnExtB, credit to dethective & arhkam
FFPLD7ZtrkG2qcahBArmNS3Fk6CNDQTGTTbsD7cNNDD2, credit to dethective & arhkam
63qWZozKit1QenSZR1wfi4eng1QYk9mygaiddpsdhPB5, credit to dethective & arhkam
4JSZF6PBhoAyZyLP9Pmi5DFsLWzzahSNDKXWa6HQ4oU6, credit to dethective & arhkam
6VzdmM6MwViBAVwtP376khTZzNWfB4rETRgGamfetLvx, credit to dethective & arhkam
6kGee6sHfN9pSGLxKfqSjSaD9P3wbZTdk8Gj91i1cZDn, credit to dethective & arhkam
Lyoyrr5C55y8bo3BbAAoecyHzNgU4hjexspsMK4hTUF, credit to dethective & arhkam
Dyt3FUbPJaQxmP83KjnP3qnESHcevv6dL8w9DYqff6fD, credit to dethective & arhkam
C8bXwXPiFoX4yrASnfAYQKZiJWYh9a4sJoX96wvNt8fJ, credit to dethective & arhkam
C5rJQ5s9xZvogMUbyPCG6iB2k6cD3h3qmJsGXSiZVvgi, credit to dethective & arhkam
BH7zmPdwuJJjZpoy7PLZAZ3akTcMxK8xpocEi8ibHXCK, credit to dethective & arhkam
Ew8sx7p2iLdxGBfX13xYhE5LacsPyVNA98XRbnW1oMRW, credit to dethective & arhkam
DVpFfwNNnCvYzkjMDBPrRX5Hmi11ZDbyHj6AcEFLxcgj, credit to dethective & arhkam
2jTcqiJ7UrJmuSEszjPpoyjXvALooVhUfn9SEmJGLXWM, credit to dethective & arhkam
AorUnVYkaeZfkySpBEYLT6KyFZvSWQBL5hy7ZUua9qEV, credit to dethective & arhkam
HAmHMBASmJ9ai33fBQTcrzyREbduVHuECtL8jZMD2NYA, credit to dethective & arhkam
GkGL6pFjJyYpWYoWbLu1fKknKqUuABF8XP2UH6kst2vf, credit to dethective & arhkam
2AYnyvvgzYHTtTF1DUBLh1dHmr9DeEFpjmQJksmyBvpv, credit to dethective & arhkam
8msSstgJCfUBkagzY3PqrsLSXXaf8iePjqPivbzEMPXy, credit to dethective & arhkam
13PGRJaS562Jq7x6ANkJ8SvWfj49ZJb9GX9fBBxJYrqp, credit to dethective & arhkam
B86pZcoEkwQkyx6FxFzqCwjmiv5aroht1eu6CmoForF9, credit to dethective & arhkam
F5o5fh9cEmZ2mbDeg2mmZSauBJxsqQEodYZFvjBS94eH, credit to dethective & arhkam
2VpPdgMEsPiYHBuJ3nY9qz7q29EtcMhqpHfbA3ofYnt8, credit to dethective & arhkam
4sJnuyUxFdAyvpy29mQMahZWbcjyGgS7jtYRfHY9Pc5y, credit to dethective & arhkam
D5GWzNTKK37EScDBvFvDyjtCvNYyfP7B7euFosg8Bcid, credit to dethective & arhkam
2qpXXVnaxSLU9MtSpeHCNAoAz3KvXPiM7WURp4xqXvQc, credit to dethective & arhkam
Dk5keS88V3W7q3JU4cRWBFyWGoeBxLQuVR8pyojdUZWM, credit to dethective & arhkam
4RJwA6wNV3hquVEJBEBCGp9afxFEM2BQXmHNRyqMRhfo, credit to dethective & arhkam
8iULNpyZYJcdLLNE7oRvDF6iXUEfT6nGH9aqxCfnZ3y8, credit to dethective & arhkam
5yvunPjsNVFw7dGqR2sMCKo12vHL7ywjaoZ5Ymot3eLv, credit to dethective & arhkam
HfPG9wEYzmBsevGLPz3LHiJPJPzJXJi1YvLXKhs8zMHf, credit to dethective & arhkam
7T39LjCnFNyfgXiQL5ogbq9QRDqcdTBBfSAha7eU7dE9, credit to dethective & arhkam
6XDAWZaNHEerC2d5vrvPwaB5ofirSCz8fqyNJt8ugPwh, credit to dethective & arhkam
5rBgyX5uzfUvEzGBS9mpQFQGH8APYq6QTgU3c9ekVkms, credit to dethective & arhkam
P5tb4T6SBVQaM3BAoGfpVudLtTdecqjsh4KV9ESAhKg, credit to dethective & arhkam
8ojxSu5Q3h8hFXB1WC1wyHnRroHxrmpkie9KDuu89Hm7, credit to dethective & arhkam
7MjJjfGKH9aqRepUB4try2CwbXVAX1zfbauNou4ucEYK, credit to dethective & arhkam
38PG1Vj76N3DLJEggdA2EiSydBrNPE5wXQAsVjSMW9FS, credit to dethective & arhkam
B7xZNqXiuZMJCeMLR365x1xRVUWnF6iEy6JkE4CFbR2Q, credit to dethective & arhkam
C4NTpEVpDmm9CivyjijEYdd4w8pAQ6DDrSicBB3LJPFV, credit to dethective & arhkam
8zsra9DzmzENUNjVJvPPYpcyhgztcyPCyVEyJ6muSfUr, credit to dethective & arhkam
HpmksZkexEkkFS6VLTw9RcF4AiMghX8nJye9pSZ8qjwW, credit to dethective & arhkam
3GXt9BZLbfbtMvnw6DxVvMmsbrxveaef8GB3toCnTtA7, credit to dethective & arhkam
7m9nbNTcynRqhxoZfi5S1kGbFtDdtWT7pQtc2cGjGKNX, credit to dethective & arhkam
9zaNPDEJ7YN2RYzgTnd7QboBJm4UT4uuC6ce4WVrxAZ5, credit to dethective & arhkam
DQ6r7i7VydwDRijiZ5XGEKWKVh21kVobvMdvQcj4upfb, credit to dethective & arhkam
7tyqv7KQDKcQHnDNMe7ud26DQCqT6tL7W5ckcbrmTEAs, credit to dethective & arhkam
6QsKX7hY5w8DNaLRPd1jLiABibqJSEmqyD8htx6PC76C, credit to dethective & arhkam
8nvLrwAdACXQJjRktyLFha4h6Tw8oBXyebAMvv8m4R1m, credit to dethective & arhkam
4J3418FMhX43orbZBh1UULY78vxxLpY3nCmUVanxgajd, credit to dethective & arhkam
ANGMjWjzhUHcsgueFrRHCHFwg7CX48kRdjFrqyiXpzec, credit to dethective & arhkam
44kX2sWQJsHu9qBQgRPo6NG6NbgKJ2gn2AmrfsRpcT8r, credit to dethective & arhkam
8vr817dnzwwxUaLfw5EN34fvFz4yfr64ov4MDZiaXeJJ, credit to dethective & arhkam
DBHx79Qntjcq5wk2T3GXojiQJngSN8cKY355SzzvwN94, credit to dethective & arhkam
3UbosnVKwCe8fzBiDAWpTAAfK2eEK97sJPPaxM5EvUUe, credit to dethective & arhkam
BPUcyTFW5iBbn3JLA1qzo2RwJD4vCYEbKUue9XPpaCUJ, credit to dethective & arhkam
BRSCiMRvUJgDcBHYYXqJtrReSVd3bmcGYxph9gJLnZsH, credit to dethective & arhkam
J9P1AvQqzwudosd8Pp7QdMRH6CgSmEJJnj7KeMCMKPid, credit to dethective & arhkam
HVFdVZfZU1YarUk5EoG1gnhs5gJgFKL1vMLrxikVbmGZ, credit to dethective & arhkam
FbRhHrfNvuniA9qc1vok3LdtQEPgGTUxhnoKRdGUTuqx, credit to dethective & arhkam
G66X7GxTsYNKGDTviPcrBgGSK3M5HPJzWhZmdEurTCs9, credit to dethective & arhkam
D6QBq56wWxANFt72ubTThdeiDsu96E3y3M2zZ2GpoyjV, credit to dethective & arhkam
EgCD37zbTkGzhGzstYivLvtk3NRW2XdZkWnmEWV5NrMq, credit to dethective & arhkam
9cey7s2oEjoAkumb8Rw6LZb1Q5YSHAAqWSBC4pV1cLdM, credit to dethective & arhkam
8ovrQ978tvVY6LPsoeG7rTWE5qBGpy3wun9yWEhEh82a, credit to dethective & arhkam
Es2fchbGnKXVVw5dwAgzAyDm1fmcGU9ThzWvJarC8YxA, credit to dethective & arhkam
EBdfmM9VntnWRk4Xs5db4mdbdEyWfneFFHDhdmB7TAhw, credit to dethective & arhkam
77K49rYvoXMYpHNf5ZsLULJBipNcj57ruTR3r4egnxuM, credit to dethective & arhkam
2YWdfY2Gau12UNX2H8TNd6kdt3raf2xPcNDqV8dUzBZq, credit to dethective & arhkam
DsvxMndWJws2ubvn3TZeLwNAt53a9T4vgCTeao2ZZqQ1, credit to dethective & arhkam
GgZuCWfEp26k8FhokbbCAxWXJzCov89ASm2QBv6MCdzV, credit to dethective & arhkam
4ZYvfH7y5PcGnM4C7MZSbXK4SXRZHE3DznZD8mUaL6Tg, credit to dethective & arhkam
EMWvxq2aDAFej7u3sWw6pQ1UGcYrWrgTt7g4xu2was2D, credit to dethective & arhkam
XK3artTo2B9BH3cVDuz77BZbc3bgUacp5ZmaeUtYExR, credit to dethective & arhkam
4hCzXrVRZ5szcZHzNs7pExevupcFBQShAMoAE1UcEvpx, credit to dethective & arhkam
5Ge88kFymT1iouUK3hjHRzdnibxZS8N7kK8Yx5DKsg7s, credit to dethective & arhkam
H18NXEwfo5kDQiSGUZ3rpypUhUSDXQMrTVQoS6Kupewi, credit to dethective & arhkam
8BuEtYVMEKh4gkke8ro5xKCNnckuEZnETvfu6JMTLZJx, credit to dethective & arhkam
6FroiZNv9ncMvdJf1RZjAWCaMAZNw899GZ3YPdZoncJS, credit to dethective & arhkam
DEYcYWkhxaVcDnPwhwXwvuv91PccFpcDBQrfo7DYaWi4, credit to dethective & arhkam
7bZobpCHHhnfdpeBWq5t1PzoLqdD3khNHRQUMUpbrXiW, credit to dethective & arhkam
29V2yoy6MFgJMqrLdwdE4bbc3Rhisibr5vRRAC9UW6SP, credit to dethective & arhkam
3ZQtua9RppUJckh5mGE8FsTS8XTSBZV9X4YfgKRyVCyT, credit to dethective & arhkam
DTtbTmxEvjGwRuGPnyxeufbw4Xz1seEZUD81NzZwS5v6, credit to dethective & arhkam
4JwTGsEXZzMyf7XgFN3bJnAi5ztuZMqwfmJUMDDReZfS, credit to dethective & arhkam
2d94iPic3Nw1H2mqjcNagYfwEyCo9xpKZzVZg4JcW9Qj, credit to dethective & arhkam
3aqwh4xm8ZGSVwBKh6PH63hGZfpjWWZe41TojvWH8bt3, credit to dethective & arhkam
4CY5QMdRCwJL8qXKjmpVVgtXzYL5jaB9pEgn5ch9Yywr, credit to dethective & arhkam
28V61orywWdZGcnqsz1v7VKehie3VpA8hTUD4H2TQJnX, credit to dethective & arhkam
7cJb7N8idcmXgcAkpW8ED1wehCwXaURXRRgQ3cVxcjRk, credit to dethective & arhkam
5SKYfpg7tbEZSA955wsqCNtVmHU4oe7CQR7SHGfosaep, credit to dethective & arhkam
Hww98eCs8QV1NNGqCz85FbdpLYSozYFzKkdxNTBs6H8o, credit to dethective & arhkam
67AqMPvmQnFNRoYZHt2Chus21B8PdEWui9T9tNDgZhbE, credit to dethective & arhkam
HBQgXLc99CFegDN2YkPHbQHP5p5xe8nAT4cKTe9ioDR6, credit to dethective & arhkam
FQz5CsJGzdbqqRY17BHoMUnKkWFaApnNtVUBHzkSNM2S, credit to dethective & arhkam
6AGSZBG6UX1BPq3poFSCxZiQJKAZrHNk5sp5Pwu48BJg, credit to dethective & arhkam
3d1ao47npXftzpBqyAUpYoGckYbx6u1P8PnSr7MeNX7S, credit to dethective & arhkam
HfWvPXS4bHRm2cGXHomvzA47zwJQt1GnnbM3RDAZZZWo, credit to dethective & arhkam
4DpZ6aPr4JqU1V1QFkA7fLLPPH1686Ue4B6yLSk92jth, credit to dethective & arhkam
7PtFPthEupSR42GZrCkBtrvJwJ6MPRTivKHdvjc54FEL, credit to dethective & arhkam
8aHt94mBa5a9W4LaWtJ55HvsSejXJkAGSwpaVCsvf19u, credit to dethective & arhkam
CoBXva47zHEvnsd4ZuwmwUQGQBtpJtJdE4iaAX5v26Yy, credit to dethective & arhkam
GHWmcxCzzE3mr9wUXGPorwKa25HFzandLNTJWxEzC9dy, credit to dethective & arhkam
9nEmiNDtFWAWhGi4AmsjcXwanyPyjHMzGqnwduzvtgZs, credit to dethective & arhkam
6UPao1UKT34Ciunyn3UmwWc1n5JChdmpDQ1CEVgp3eHZ, credit to dethective & arhkam
qFaCTcqSbXiSEb9s3BWGVriXkFKhSaw4WJpZWSZaU2A, credit to dethective & arhkam
DKobneoJyGuFLR9puqUWvdnxcmQ46Fgy8VyyrmUFjTMH, credit to dethective & arhkam
6f3W9WAEjTfkKabd38rdgqLMXEBW3hrjsV3N4ZTn68Hr, credit to dethective & arhkam
3r2e1oHdPHXNu6MfbRXc55uYAKu19AoeirdYAu4hhwwz, credit to dethective & arhkam
a6YJh3ZCfEcwff9voWGMY2eVwv1YuSSsL4R5gvkcZd9, credit to dethective & arhkam
FVhRfyWgKxbjRsTi2FzaU6HWRhsby7j1sWwoPtbAkcff, credit to dethective & arhkam
ADPHVsntC2RUiZz6c2HVv7HZWEp7KwRKrMVAHWP1hF9E, credit to dethective & arhkam
6vU55HTCGRZWmpheZQwNMd2pMETfQ5NRPKiSr29ZibEH, credit to dethective & arhkam
73rzmRbtdi8xCP45NxYLsopmqgscrzAdxPs4oXeTakie, credit to dethective & arhkam
53tYwUHr37gA7ysy8TVY2UAnQdin5CzdqnBzoced9og6, credit to dethective & arhkam
t6tTsNvwYcpsYfGhb5tiWFxwLLnfmN3uxJCZ3S3qH4r, credit to dethective & arhkam
3xUpArYBYjGx5uxfK9sPW5YVWShe41Hurxrk3zpzSMov, credit to dethective & arhkam
6n6JWoTTfdCyHJAZbkjVVrqnD6ZFYGNjTJADxbunSSY, credit to dethective & arhkam
6xUcREeZDvbXTq6yHsE8yffw6MBb13qgETCV6aCqS8mi, credit to dethective & arhkam
DyaC9MnH7QcgM4WbnHZp3cpmfBTnSxpvKHVVF5WDDSa9, credit to dethective & arhkam
7MfnhUx6QqXai3gdtZT9VYyAbTqiaX6gqHBUDsuMYkSk, credit to dethective & arhkam
C5YQeXyUWzRvV5yVh3fVFcHzK7rvraKWHVU6tzo7tsKM, credit to dethective & arhkam
EsDwRmqcWkLTQaB3uZNP7EeTWZJh1zegEPQDK8pfz3Um, credit to dethective & arhkam
4xNfEaniKjKDpJvme67avZENGkfHPEq39ZjKWUL2E4ZU, credit to dethective & arhkam
Grs2yQmLs6p6MbhgvEL1LPDoxbTdFKFBK48sS6zmf74V, credit to dethective & arhkam
HWcDqxYxtxPx2rEyr9tzVjP5vkqKSrGANku8JTbVPesR, credit to dethective & arhkam
D91a7tBpe7PCgj2rBymKUKFenaSiRSkw3bAm2fzwMsjz, credit to dethective & arhkam
9McQsBMirdyrESoxyTyB3mM9aKX7dEZBnJgD6bNqg1ZG, credit to dethective & arhkam
DRnPdo43Eggi3juHzUk6TbRk3L74rU6rJT6wW9NULXgP, credit to dethective & arhkam
8ueeotKqm9ro7qY79hqScWaUdHWbKQghHntJfy6n4rWa, credit to dethective & arhkam
8E8cZ2LN4Jf9P2vNX5cTJf6XRpofJduAzf7MBaUg9nks, credit to dethective & arhkam
9bWLo3BMzWfnMrLZ2LxhiYt6DyTQGF2GgYCzQr63rxrB, credit to dethective & arhkam
CftJrZjcxb2B6FwMnAmv1yib8WdcTf32EEEpLDcaXG8r, credit to dethective & arhkam
EemWKQy6u268up9G35Vq8QMHKqdmRsAnKSZfKu5S4WU8, credit to dethective & arhkam
BV65T3vAva7Frn4r8n8angFxMdELrTuV6jXph79Z6gJD, credit to dethective & arhkam
AJ62gweRVWTLVtM9BSWXxsjeT1QiY8iQja2N9EgkaocL, credit to dethective & arhkam
FRvpTPecs7v37Ni29Aw1beaMTPxuUnFcTymqusP3wzQh, credit to dethective & arhkam
7CwRbKWPDcGDBgxy9sxuhfqS32vqzsgpXrSGKs88zvLA, credit to dethective & arhkam
HUnxt2KBadRpjV6GepySekmVznVqJun1BedTBoNTQSyc, credit to dethective & arhkam
8K6fdVdVV177AgZkriyV9q5iFoUgL19tmetWfZGkUjje, credit to dethective & arhkam
4h1tqyKbfrpto5ZkMdZ8NCbVxFPkJPCGpWsnMhW1yW5Y, credit to dethective & arhkam
3VAW5G3hjk5nJi8NGkWiYw6jnZdpvi51Xo8nJnjLu9sW, credit to dethective & arhkam
6ik4Vtkf7Nx2eZgoRZnKNfcor7RtzW1m1rdouiehG1Mw, credit to dethective & arhkam
6XfYs1BbTCGG6Yh3gHiDjkySXzKZcn4yxb2T5h5pz8R4, credit to dethective & arhkam
AmkWsaa6BHKsVjX8ix2g2H2PDnNwk7wZTrgiuNonezG6, credit to dethective & arhkam
6osXgmNp5gspvfSubAttntAKaLUMXy8ZzbB1VCoBuvQ7, credit to dethective & arhkam
QtsN9ca6C6aQstZxYeNptTrxnm3QNkoKcNf3NXGJCgt, credit to dethective & arhkam
3yrJM1UC5gjGoqymrFHUTnxr4XnRrTU1rhJjF13vUxi7, credit to dethective & arhkam
HVYysAh9wt1R1fgrYrXCxk1qgqMD1vak6wVx9PtGsGFM, credit to dethective & arhkam
G5PdE78c6QnvHMdJ7WtZ65Kx8HZrDmH7rnVm4caGLQvZ, credit to dethective & arhkam
bbp2QzUDsds9pK6EGMwAj1UQxTsaghVfrYRpU7LSux2, credit to dethective & arhkam
5ow7xpWkzgHEDsY9nG1ntZaJoLiSk8aJKW86E9wMGuVv, credit to dethective & arhkam
C8d1mdM8rAvT6wVKXCphsZHbg7vQJGR2pnKuRYFygbub, credit to dethective & arhkam
GjbUskbQKvRtdoiRown4u345u6kLPkJYW5mec3TqeK8f, credit to dethective & arhkam
3kCj6Z64utjMi17Qtu48nSzpmHdS6erPQDG4FRYyNt9B, credit to dethective & arhkam
EdQSbfkTUEfCdyEQE5tW4WZxrPNPm8Xg6b4d5cqMmJaZ, credit to dethective & arhkam
C6aAXy532c6DAvEdthyDGc5SBox5tfKXPwpwC9cTCeAJ, credit to dethective & arhkam
FxqMhs4v82xxchJeQvhiEWWPjUwQmJNbKBgjSLahCqCb, credit to dethective & arhkam
FS52oWvGn7gmo4fve1n8DPTfa84C5GH6fDhFoyZqRrcy, credit to dethective & arhkam
3UbN3zr2Ekxbzi1bPLkAaJ68sHYYcCUd6TN9YH1vbJFB, credit to dethective & arhkam
GjCCgbJ8muB3xV1gXXYGietjswfwSnwrtBQ8mqJwPPx7, credit to dethective & arhkam
G7uU5NWnHsk4CFx8RcSJT1UMH8YWMaT1VpJVy2aUfS8R, credit to dethective & arhkam
8e8vLSDNjTMwQNj87JccDDPq8kLdgLAAxrdBa1RSffQs, credit to dethective & arhkam
Agz4yCQRiekqWsLqRVEcNZ5dvpKYQ8ugmR2oSaVxvTtu, credit to dethective & arhkam
8obcfPSSMTJP4A4PBVRuudPzhCjJ3EZWNYtP39fZa9qS, credit to dethective & arhkam
2dv76u53LoeMbztpcpw7oBzswEsKRt2ApYEUSeVTAST6, credit to dethective & arhkam
Dez5EodNnAkrXytRw8ANwVTdH37f5y4x93k4M2NMvHoZ, credit to dethective & arhkam
FJ3jEeddKmeX9LsV9gGKoxWaQPPg5oTffXNrYYsNKhR7, credit to dethective & arhkam
GqQtwfH8tsauz7h4PLXTY13U8dW9CYdoM7W3FpczySG2, credit to dethective & arhkam
5EaBv9WKk99BaeYznYP6ZnY5Q1CUHAi1xtrB5RDqJJ29, credit to dethective & arhkam
2YHyQyqeR9XwDSVaq19Sk6Pt3LDJa6bPW5EgtrqHXRoR, credit to dethective & arhkam
5YodndyUr9A5uQv4m37f2y5q1PTu6SgC3qBiJBd45EH4, credit to dethective & arhkam
29pzTdAzT5ekBfp98BiXDkcD3fUsHUPQNiPnHGFuTXpo, credit to dethective & arhkam
BvXRn9MPwRyQaoDHfrEnFNbkbNDQRxgru2Ltojv8AcEX, credit to dethective & arhkam
KnMUYAnZYWxbnn3Et8m3pryuK1G1RvneA3cGKcrgyt7, credit to dethective & arhkam
BshHweB1sSJibYP8tr6xuGwLSxv5wSRvL4T3c3kBXbAU, credit to dethective & arhkam
FMnAiuFV3KgLrPHyCrhSJZTE5a3ZDca1TWch25WipA3H, credit to dethective & arhkam
8B6BBZ4Leh25tMNNt44oWNYtWKY65CcNVXF17KtLFdGS, credit to dethective & arhkam
qKBmMXJiVA35f2FtH6izk6FGccTj4e1zHmc11MPNMMv, credit to dethective & arhkam
4y72yEvXXfzTd9gmUpHUBzRpaBZcevoV3K7MSxtqb34Z, credit to dethective & arhkam
3qyrTqTZKy6rqmihkVxePWMkbvKX1kMGBfWihdyxfMyW, credit to dethective & arhkam
APahbhprqJLpAnXnyeqavXb5WUZSvkgohXSLkBYJxZTP, credit to dethective & arhkam
JA48yuGdHPH5dEjXKD2QLiE4G357swfS3WTzXKeH8aXi, credit to dethective & arhkam
FxZs8wDSicesNhGjbvt9SaRDWEuxqPzBYGiSNdJieqCJ, credit to dethective & arhkam
uoV9DnD4i6TvbSdULNJWuNcmYa92qa3ujXT9iF2547x, credit to dethective & arhkam
7qSSc4sgm6uMgczdJvCPd6mKzCbNP7uvv5uPLTBGtg1V, credit to dethective & arhkam
2iv5gwSGGPvT2MdT8rSdbfMYqpTt4qQuDqwDb4EfFntz, credit to dethective & arhkam
4VPVEESq7PZHuRFfDvNxtLTXtAUQHHzEUSzAGfkaPmec, credit to dethective & arhkam
CM6RTaP9TLWfDtkz2JCk5VuCLdy4f7Jw27fBoFmAKYyG, credit to dethective & arhkam
4DVYA9Re7G5DPq7EWDf7Ros4KXV6iwbnKERsjKqAx1GQ, credit to dethective & arhkam
GPFUPfPt3B4Sqz4oKnEM2BXE2YuGJPxrwT9WmKmGyBdY, credit to dethective & arhkam
8QUCZeigZeiaVVvsgFpSzQ6FSm6SSUUFJCfTeqs6ADMT, credit to dethective & arhkam
5BzCZWyRwHS8bCdHFzzKK9rgMAgR9bRDuX18BLZsGP6K, credit to dethective & arhkam
7vuVV3q9oau69wBqgAJNPxHFXVG3zLUva2sJZpkWo1Bu, credit to dethective & arhkam
CkYJaSKw4pQZMrFsD6CDBfwHzL49DqaCKakBpyJpHenm, credit to dethective & arhkam
GSCiNRWKyqSHeLosiNC5wozLcvprtyfHmqejMtmun8BM, credit to dethective & arhkam
9aSNq33f4EE9jYuv97WGXovxtHdA1ps3hogGNm7Wvp2m, credit to dethective & arhkam
8tZdj7XC9LnjjJWzgA884vh5D8JmznwN2xKBHUwb4JPt, credit to dethective & arhkam
Dyb6SLepHmXoYVFHYT2LTgyya3XoTqYDsokmKMzxNLkz, credit to dethective & arhkam
Dd6H2tv4N67bnpntY65ANZiZYEmb5oiQ6NDnNg3rYfy1, credit to dethective & arhkam
EhW53yjZLULnchVxRyUmnJanHqAqjgPCXX5Er33yfdqC, credit to dethective & arhkam
53ztLtwBBpNcTMzzYxnQFbvbuGFWtYMiLYwjNHyyJtXo, credit to dethective & arhkam
9mhiWyAGFcfSrMawpzZuChnEYtwfJsFkwNupM8UYAjb3, credit to dethective & arhkam
Ccm2LdrPem8XkptWfCspFyzEQwHkgofFjoLqqWqYHjVD, credit to dethective & arhkam
7EUaWzwQNcWWAwd4yQffk7D2kujR6NytqLDgiJPh9VcC, credit to dethective & arhkam
3v9cCCDho88S5UrqCmVhpBHhz96QJmhtUZW75cdWHmn9, credit to dethective & arhkam
CvYtteN6Xtxu2V8jGkezmEJbdSdAmNACvVVn1t11WFH2, credit to dethective & arhkam
2M7awHo9S4PtbQjBBomEPxWUVM9djYN5uBDdfWPXn1Sz, credit to dethective & arhkam
5d6CoVwgGpmfSeWJJ9w9Fp79duZ7kXBgKTytfuLArYD6, credit to dethective & arhkam
Fs7VRabB83Ez3U8TxgVCi5e5ToTnQHEUnw3o4uDCThXZ, credit to dethective & arhkam
DBqkDVxY5iTAoyWknckcxNZRbBmEAhgqbQwmMF3chbn3, credit to dethective & arhkam
GztfPSDYHSjAF6UGNn7DZYmZETFXEo7x3W6qVNs9hnrn, credit to dethective & arhkam
7YGsppazoxscAcP8yGE34GXSGf2dawxfHMEPfBKpHFZr, credit to dethective & arhkam
CfEcZqg7D9NukQ4DkQ4z6579iszPVh1YXL1w1u1zWQbD, credit to dethective & arhkam
6emdt4nUFSA22s7yMU4Vmf78rzKBCfge31jtZ5Y4Zrb, credit to dethective & arhkam
ErLX5tHHo4NiHRvsb2c6He2Laa4zqzEWRqVTXfXHSWhT, credit to dethective & arhkam
AA6z794yfQr33XunqAxtS7D619qba3yj77tJ3APshqBC, credit to dethective & arhkam
BVZgFRreaTZremo6PRzKwFAijpjXShHD93DFXPK81Kzk, credit to dethective & arhkam
8MEzHLgHMLCbHZdc5Cqa2VUud9jvmQoQyARNFiBwnX69, credit to dethective & arhkam
DrjPuy7xxpUQSHyGKW3YoPAYLvR6HTx7iCCFWsFesU7B, credit to dethective & arhkam
EPSXZNq4mqtSC3go1BisrbWagjbKgJSiu9pq3ajCKaSy, credit to dethective & arhkam
AdhfoQHRjio2CEULhAjCpr6pDk2QmJGEC1S4YvWXVrjs, credit to dethective & arhkam
5zpkjrD41WYq8EVW6wJHMZkFEAZKogzrNLZJumdi9Lyo, credit to dethective & arhkam
5L1Bmg4rjruGAquk5rbXcv3JVhDjT6GGcpbuxNRpbNuG, credit to dethective & arhkam
CWw7Ba2qwcepzwQ3TtEV8rrD9HL6ojcJ2igXgbL4ah1s, credit to dethective & arhkam
JCT1CV9DdvDrFACJBSC95QCDJQis4YFmNRqebJGo9tQ3, credit to dethective & arhkam
8qRiMzqKG8TxzuTppQKCg2X8MALSQgt3uMSC7VGNh65Z, credit to dethective & arhkam
2FZEKXSHJTaeKZx6SuS4EeYnWqpxHpqTVD5umTXzueSj, credit to dethective & arhkam
ErJ1NQ3Ffx4gunuFUyt5xCeYVk68SccHsfNtScw3cPxV, credit to dethective & arhkam
ALMrD7oLkDxJMLy2jN5gCYyMtkU5r4xD2hWkg9BNDDkE, credit to dethective & arhkam
H2gFzPZqjWQCwFUUsNEyNPeJJpnkHYoFJ99QYfJcapx3, credit to dethective & arhkam
5ryixAfy8vw2p5hPCfNXYxCwDxD7HCThvLSKJWkPxxGE, credit to dethective & arhkam
4fPfyUV41EbWczyYogD4Jnk5Jbf5ET6z4Qpwz7SndPNk, credit to dethective & arhkam
FGnXQHAmch7mhYivFv36d6hzFUiyBnPdr1oeKoLy2YDC, credit to dethective & arhkam
F5pPWVXFmtU9hwKX4EUvcmhnZohdnEf3EPgTKWg2HGBc, credit to dethective & arhkam
GcWC4useAnysGxp7rnM4TrWqhgh5P9uv76vKDDVGU4rN, credit to dethective & arhkam
ZZmmkXmUQMPwxGTxwYN2kSfkJNAcK1tGXcTy9rzuRCx, credit to dethective & arhkam
7z3y996vrBCWcsaJ9cmn2Lwcf8UAJQehqqc9fYTFbYJc, credit to dethective & arhkam
E57neXDpXWAiweqLVauStxttAAf7Mk2c7VWzruufPhqP, credit to dethective & arhkam
6nXgz1QwYc1PGoKfvyB26NwMvHUAj2VDx2cSEvTiihD8, credit to dethective & arhkam
3rmBcUy4zSj7CsSmjQ1ni6dj8LakjwA3b9mpSb1kNb3L, credit to dethective & arhkam
6cxb1EnjT42rc3fUz9q1hcXsRo3NR3LnfGbXRhZCV9tu, credit to dethective & arhkam
5u7wqsp2dxAeniUU5LdCxXN4sY3FUawXyzoJ5MBVCMvV, credit to dethective & arhkam
62U71yksE141isK3cXKiN9W5rqWumwFNoS4EcaVhux6j, credit to dethective & arhkam
8XWodXWprWwytbNeRADHsZLbbDUPghFUDtHqf4AdrsSb, credit to dethective & arhkam
811spzUa7vRNxBWN7KUkaLftdFG4GumwksdeBZ7rmA3, credit to dethective & arhkam
3282zBFXGYAn3bkoqqPkHUsqQFU9nkLjBHDnqEZLWEB9, credit to dethective & arhkam
6oyvqSwo8uxqVoAvqqi75hXNBr1eZy5w5mXJdns4Bz2e, credit to dethective & arhkam
9oYMKTdRTdQidaKwi9JiVX62gNLs8yiYbpnYNu7avsmr, credit to dethective & arhkam
9ksnG6GENoUc96nBY11bmJ85QzyofK6S4Qrzxsgvvtua, credit to dethective & arhkam
DD8Jmx1k1Gxw4U341MH3oNSXYV4AR7n4QtYczdTHHKNd, credit to dethective & arhkam
ztXG25X7j4MkUvF1b73FAhwx9U9opFRPsutuNBKbr8q, credit to dethective & arhkam
5ZsjhHsXQEzDf3SzgUkEVpBVqQfQtFjbKjGQWfYcfVD, credit to dethective & arhkam
GDH9P8YosEmy8RNKLHTYYwNZBY9NbgfXozKKQiJE4E9Q, credit to dethective & arhkam
Hop5Aj2Ybp1wggbuETJTcx3h31a1uNwVC1YvLNKNUMua, credit to dethective & arhkam
DwXc55XSntu21aPaU4vjv4PEK9ATfkYBRFucKkaJy1ut, credit to dethective & arhkam
FwUMncRRWjRMxqnSuCSyKxTKYgnQeRJf44TmrBvQmmLj, credit to dethective & arhkam
9ke2YL2RGYAXgn6BbDZESdBSVynMKb5HTg73Tcpbq18s, credit to dethective & arhkam
GBZBtMzSuf1QAJNx625RyUm6FBsgxQQx6hJGMyYfpZCD, credit to dethective & arhkam
BJRv3Cf88ex7xFRptCpjWLBocrVyNLPXHhNAVtu441Fy, credit to dethective & arhkam
2Jnpky3UZsWubWrgeaYHLXcR1jgJ1jFUsf6YQm7wGcJ4, credit to dethective & arhkam
9YUeAjth3z6d5j69Eb1HTVCG1srrWv9LToLVudZLMtBN, credit to dethective & arhkam
Gi4tiF72u6P6aphat6rCadKBaKp1ZXKWnPogMYswp7RQ, credit to dethective & arhkam
QsHkdbo3cCS1qQPjhSzb5BExG6Q2qzfz1zbdyuqzXKG, credit to dethective & arhkam
3Lqnvt6byxs1vuGuY39wTf8YRWsD8toTX54duBLbWJAd, credit to dethective & arhkam
G9Txuq3drHQRVawN3ERLChEhcCCcLF1bDZKtQqYJmbWW, credit to dethective & arhkam
CuwgyujSycyj5AjKbZYT6Uq5aSu6a4WepwictmrYDAd6, credit to dethective & arhkam
2Ltwb2PjQ7ZxBq16S6Nz6a8u64R3y6bGCagtF95aLZ29, credit to dethective & arhkam
6FzbWKnFFecfdwMV4nopw8211KEA1s3fjKtWLz9r4km9, credit to dethective & arhkam
4YmrUSEgMQRDUo6qdx3VEC2XKLztDfoQweTZbdeNMqgn, credit to dethective & arhkam
EieMY8Mp4XQxakazrmaejefwUX9SFjxzyhtFFKjTEWsa, credit to dethective & arhkam
8feJWVaYcxMxckJuWRJyT4YR3r5TH5KFxTiaCEhgBzC3
2HqAYpfk3mw6xWWgo17h6pHLcYTzYWJcjuziyWQ79UDb
GFKwDuMNB4e4i7n3ysKmjcqg9T1z5ZVXGKnZrVqTugke
HvNvYL3iffBWPcFZbh1VD4ZpCJuZdLt9evfNAHtHbmR3
8DA5cugeMvPmQDTP69K1UoYdqh8jswifFUGKViwbRS1v
DzS4wGca7hXp9gb6qWWHNqMK1gn6aL4p3NJyAHhoMtZF
CgyjFVHcuG5AAyNgWFhtYvymdFokTTXZ9qsis5LAV5rV
CXj8LqVD3gku3aPyU1pLwbSu6jjxiyYW21y1CDEQtGQS
DEUw6nUdBVERBs2VZtu56XciLWHxm5kQ8SQB6H1ZtdKE
Byfqxgqb7FiY4QHYC4CuQtGhUSVDspaPinyJyDwwt7rC
2esWRWSgpBkVdQuSC44yUwsJbFqqXcN3ZAADiMph8Jx5
7j9s6DLRkvX6ZbMxMEfExbL5jALt2djREFqe2vTjDrx7
3t4tzPi8mi4u76ShB8WUuQPqjVpaJdzFquDzMTn4gwig
EnFDdm6KxzCXi3E8UB9objsD1FYHk78Q5QwxxPtbbfzE
FUYiCAMnifYahL9esCfkuadATpzKz4eKo25mgkJrsAYR
ADxAtofBsKmS3Ajf9EmjQbQ8sjWT4tp1swmd1Hwu7Nxo
4Swrg1h83Kv3DnjubAgnCosxUQZZarCKte2UQLC69HC5
48ZG29x8wx6L3z2vUwxAxSRPk3XtMhQXo9YC6aZSgLvo
E4rWBZ8DPjkRvxxzUwLQozAisP36dSFPnPnxJCgoUbPX
HGzh1bLnJtMpao4AsZwA5UUiK6g7Y25P7ZseNrPQUgBc
2ikv7aGx1LLwSFDSKMAmxGzkybFio9mA2jZPQuUDMz8k
EvqmadPU8z8mStbAog9gfz7mhww47XLgmji1hX9x3xqs
6eyGwhhUR4mLLKhip74fXxTARVvfBQwwgwA7UsyAaenD
XiBcUgpABTRCtERp5JtqqJSwo2TdwCQXMKohezhjXAA
6Zuis3g8PYYHX6Ems5vbj9uDbQSubwzNzbKHegry9UpE
9Ju7CCDqg33LoMpgH8Tm7gWc36JMvrAUSiTReo6XmURp
Bpir72FQHrr3CTgn6BeEcin5xpK6mxqLMWXheM7f2x93
Sxik6ic3pxphZX7WVq7SX4yCJdoRtmHjMcZAv4R6L65
EtZwwk19K57w2NEGWVwcAbAHG69fp4zfYJdTjxMfCsV9
BLJkebcrQ2g4VB4hbYXBRyERJ3xASvqsLndfeRABcuW1
8Pviy3s79fR7iqUvhHRUaCZqL5Ng8akxYVix6hiFuu5B
qiFH6m4ZkUHjjrGvoYYmEwjdN6DMdksFJDntsLoMwLt
hnZhwaw7EeGX8JKjUvJxoSprun5r1KEbU1cqYoGtNxx
6NcpwAnf7p9kmXKHBtCWHfu5kudgTi948v8r2vf21JuV
XfgpNSK6W9wsCysuUP2tveYvdN5L3oKkF5FMMdMfsQL
4TJov3WV46SEptbgECRZuzyonQLnVuKy9Cyx83ApXzaQ
9o3NRDx6VSwvmUUNqQdNaX3BonGPtq1n8i9xrMLmymdS
CF9rAP3bdFYkqzJhYkQQtc72RwrcJewBTUDH9Sy7tkcX
6FS77eguz3u1ZuskL38CMgPYBdG2rHqDVDMmG2aYUWdF
CyWms3Qh4hNVaabtqyC8h4pawNQLiRrGE3R8Ra5R34eE
D6UCiYCTdoMuH8zbcfjcxxbnkku21BmJSgcrakveGfPD
E4H3LMjuCp7KBoWZewQQ2edWUv94UFAKyzxBebkZtwWY
6EC3GG1wiVVPxd4s1PftkcALfpHCBwrffxfmWGcgi4Y9
GANcfRYXaP2oDoEj1EQRg5Jv8jcpzbzvsfoT5xuD6gAc
CUyA3u7xD5QPXN27Wh2PjsKKv6ZxNDL3P2zHzgZvGdKQ
HHiGzQRhEKkwPSDuQqc2yxXpV5NJb4j5fT6WqAAg36JT
ATH5rCNKJtjTwQtGVYJ289A3VmhZ13ejWoJXsVYQHM14
DRyeF9LfsCboR1xBWnMHH4v949JhFDuLUHca6zoXfEYn
3yHRGrsaDjUKSm3KPvxWf8BkGRnCd7Z4gcfjGnQMnR3g
87Nv6rH8VCFjiyud2Usj8GrW4wFfeVxd1DrWsXWkKs8c
2K71iKp71xTE9yHg6PwkL84z6ePEMaLi3j581diLyrp5
F1HfyM47h4JmTBJEQhxDJM9dkatRfKG7hqJoa6N6offQ
7G6CJkdvxRLEtJZgR5SmbtVt4a3jY9Gb19WF1oKgiBP
A2JsqufCuwfev1F2RVpWD1nYC3vwAGTtnzDAR4mmdzaR
2DFHoM4iCjgVLLciz5CGP7vBAQaWsDbNVJghuKfjHkLq
4o62cTJNPdXYNUUpQ2zxucGEVqfyJzjXGKdEHwShBVu3
J1f5vDCf4k8GQ2TJZY2v8qqKNDC4vorMTbRTzorRKbAg
8HR79hdawRgS5uQsmBEeWcJ4Pb5usP2Cc69NhFRHxPiA
BakN4Eq3n4Z8bCtR3h49wJaVMrdEXwzaLhkz9W3kSL6B
Cj23mJq7CuAcUXxsjwtHkjzRNqqN2r3FiwR3wTPvWkQe
24DNui2HLRNjeCzrqsQNQ4EeirxMrhUBUvQ9veZRxfoD
2ZL761nX8XoH2oFi7gnHgFWs4FU9wGBVtms6TnAUHbR7
2dn3nhQ7SXh75iYeoa7FF4Eq9FBJuFEyV8oKzUM8UjnR
HviiXouqgdvXa1jzHJ7ohfAE43Ff3L9MArBHhBzvXitd
QKniBKiLoRa9DkQg6NYj2faNtnRYxGGAwPcUmTw4MnN
6PgcJ9KjD8LJejdxn4ALihtEYgorEiekjz1p4SEi5S5t
GwztbTzuddoLNxYa6UgSpkBuWtz5qK7b8pNumNfbfyJd
EZy68FK2Lww4ADAYexyKtzbzuvKQmph4MXSEYPMMspyM
7mb1xU9yN6Vf1EXnGD5tesAbiYziHG8nGa6W53ETzZJs
EjGHBJni5wobgWPnUSVrJgQ3tuNBH5rbnWxBvn41ttUt
92YP8RXwYWfVT49qiHYfpqg8kMKedyQSMw8datL6DaPP
25ezzBhr2Uufcd15kC7RJevYMvKpsm4nDtAjz7cxAEuw
87x2DoHumXYNwCsZnYzS6kk6p6eDNq2ZWVDbobHKJnPH
3JmC5SjvSCvMzS7YfcmMaUDEr9i9eQttZxjT76iNac8M
HewsEcH9ZxdyWfyUgE4qxCkKRbnihsxMdLZ87etFFofh
6EkLoVYc2JdvGhfL2Bb39v6Do39RvFohHx3QmZyYJ4Tn
93yxo7pbkKRRHUVhFxGCnhaXLfphTShd7UkDe6b2eWXe
HU16LtSJTpSpiqLiEv9HEPFBknaN3591c1fg9BFjHSXK
FWwzSnHL2x2VuhQHeL5D1AXhDiSJveegtXne1zyV2vez
9QkFC8nYXpew6DaHY5PjFvhcBfwUwQCMZrTnhdZBCES4
6tQPdv26yGzocoBe5kVkyxMKKjH1attrQPRSDimtxVE9
AbEsYqTjAQiuCiBMpHLAU1jf1C1kpmbtPFhtSah3azBD
Gw69im4Yt1zYVzBBdHDan3eaVQqMkQE6ifqZeV9vTN3g
DJMiHAu65GLZQdYqrCtUaXmWgrF3tqCGHuVkuNsvxz6C
Cf7uTPMWwR8K45miJdj5xJ1JwMTy5XAmowre2ynoSJDe
6bEYJKZAFp4Lh6Lt7YhNDVLuDzkTHfYk3mEm3QwTX73e
5JPD1Bs8ekJdC6BTHC8KTvnNcpdXE4fiLXfieAt449jp
5Ckkk7TuAmd9hrTBEhFd3ufEbAyY3ZpauYB1UkXF83hs
Gj1smg2xZjoSSNRaM3zJQtZw8tn2ni1R5rTQM2Zvteq5
59FEVWxYRmYVAkUykyQe8qJbJB3MuwNcVmbN1bmNfL9p
JDzsm14qDfmx1jD3MpcvZJNL1XotMws1U9mP4wH7qbrb
HYVD8XnV9J6Z7LroZdFhgFW84mDXacGmNrEHPF8hqNjP
8q9nZYHU7VgkQatosQ8EcoDqMaPrCkgfAEWPgmVcAhbk
FFWNkpSqT5aBPc3YZkBPxFCJvd81Dq5Mm6EADdu2i2EU
71Ho31JgsAwC7KXPDXPQTd8bc1EFmg1QyaxectrHArZj
7WmSkzc6HKJPLa8iMsQXHQy49comSfKV1N1dBSK4Pmc5
E2NCfQvai48KRhEoj46kM9kwzKjnokmjAFSuBxxjc46c
H2E5eNbamxqhCusP6kGe4f28mPYQUMP7ZT2ttfygf4Ln
AAsUSYJkxLXsyvJgChpJn7wPpbQhwGRmxGzqoTfXPyx2
APSPSiBXfq6k9eHhKXh1Qpimncv7X9jrtzLKMwW5jxNV
8Zk7JtDHXV83kTjZ4w3yohyo6qW8jd4Agq6Jby4W4AAg
5m4v4qeCLVkCHWq2j7xZkyr1WwaJXXSLjborHBjf9YZe
CfRvPzJXo9R6Fw65Jqg98FNiSpe64kxVXWz3khVcFSSG
71Sp8aRuwiHbUR4Qukju1jULAagQWVUUwmMrA2bP6bGM
CotbyDf6ZQ4YMsmcjRs23yj35FufxyUML1HyQHv8CVHr
4gRbtjtLuz8wtQHcL1J8sCpYLGoWKzHF2rbkJE74eaks
VmPQm5HKjnqUg7Lcp5hpLMAmfa748E76y6BVVgEEFGp
AF27fbh4oZhsJZQ51aTJauKNw81Qqx2A4N5xGZqHS8xq
DH4aLicxos1gVKsjda3NC6qUeEj6dAx7CG94sEJgcvDr
CjRZ7xzQ8dY9BtiseWZaXtVaAD4fyYEMEFipfgGGVdmG
FaJVsnfQoHX5sYbYcF7j8a7Yg9HfeKc9uqxxNB5mv9tc
8QyxstZMRfYYLuEqRz7gR4BtzpgHzBW8tpoD6NoA4sBp
J67JJBw39xUPAXm2cbgK8MXMgJyZmFDhrchZK4J93kq2
8ATzescDooPrSNPCWBXcfAEfYHHWvAyTtzus2huVfues
2uXkXr817MugCTWFrGxGCoX8exWy611kPHL3GAa5VHPX
EYfbsj1juuZdGtiWxFqqtYiNSbVxjegBWa7vNJhYrjg1
Eub4AnTjoyZDNJxtfFvFy1hRDm6Fg92Xv2TgdpqWbif8
Eew9XKy1UiMHrB3NWsY8WgcFoE4eHTmfXEJtQj8EFzvR
GJzdhPZhVmpUuscKJG2Jph79MvVTLg7H7VTo8LMfYCxm
5ad6XuammEnn2EfqPCTt64N4QjqYXH64TeYkzhYxA61S
AtkemQkqAc4hZ6beAp1EZ2RkxJYv3KQnoLHhBrz2xtHe
CzYnzSBvZY53dtvzCQH9UgzizGdrFzoTXQuxmeLknwuw
6T5gesLYzgi4cPX2uL9pGv8MtAbsoNnqR6hMmQLGAmEz
3AMTCZt3B1SEmBRtP4HWNDfq9JXpfs2dsPbuAmRb9bn9
ExVX2B45Xxuz1b1JWBX3R77Dr3peFxYyaWfCBjmRW6TG
Y3cDgMT5wpi79Dg5n5S4AQ1wFzc16muYcfKwXBHu1pt
6siVwi8ejsWoDusbVZqb3daKJ3zsPpeH5E4HTj3LQbPm
E1QYM7oFZidmWJ6rn8QBEFQ6K8kdL5MgS4S8v8uastfH
5EcWrFVQ5HSm1fQSXaAGJUgTDbCrTwQTm6bEGtvuLUq5
7NMEWDbHcuUZWJp4yFV4cG89by8UrAyo5yCtTVroD1TZ
AWLAFDqq2AcZQjb3pThVNKUqRfXHzSS2RTqoZYfSdSTL
Bx6yg6jF8LE5E8v8Lb94t8vmtaJnYrbXNNkKvAbgApKg
3rfMuYhWmfhEvynWnpkisa2vCW3TpiHC8MFUCUnEPpTF
Fq76jx1SzGz3ZdCd8jWL8H8brXnTZDhsN1dBA78uuuzn
EgzkHkijfFTD2insBn1uD5TyA7TBsQYj8f1Lt4EzqRZv
hmYGe4ohD9xh5151b9ZcvG3422T3SevNxcGZYPQAevM
6JmBp7eKEXRwsadBXqjbxZqoz3XZecVKH1gectb57aGC
DVGtFgDpfn3PbpXXaUi8NeEHLYgkpdzHhQEdAVaXX2Rm
DJSNXYzawcVoTonuzNNDt8N9pNezV44RkMXGnadQA2EY
5h1f4qS1yaHTmdeqFLZfKGW9hxRDh6W7peXEvoc96Vn2
7nQ6w2wbrBUvsCb6wNreTKymsWTMez14UpMAUnjRnb6b
93gTj57XTQwFXRjKK4uXHYuMcg6p6dPQLWs7yQg3C5v5
FrRs55tH26EL8ThEwT7uoN3ecVYtvYdTiNfsfiCBKQUZ
EXqCHJfHzRFfUpdpfaVTQQfsjQqaKcp2tDHyWP73VKLV
7fVv8gfuejG1UqodxrAr8sYPaFfqhirxYCpZhkhNkPKB
G6mhEWKzb3eYjnWWDVWNGFZmCPSp8RGgsUAwLe9CbUEo
DCET7bZbb4cDjSW72Ajb4wqjcJ5HRsu1Jpmb1TpVFJ3x
3MRpsrzoj6cyMXA3Uo7BKgnY8cy17SrKuLtqonarfkms
3Ctzf8HCVgsCqUMfsq67524D3ajeiPGpBnUjPkx5c8aa
C1Bst6YhxbTt5MXKP6p4LRZ4HA4Xbu8Hi2ip5HaYt68B
Hg9c953kwQAHLSU922rpxMEBMLWEv7UNCQCHtgCKhYSC
CseskrPgmQB8h6Ajx9EKrxMoM7MWSyhbBvHBfgyoRdKR
7pyXPVsg6NGibdcVwzChJwsDtaH6WUxxNAqfQaprdRwx
HSkiEw56Wy3fn6UKRbNbwYyiAWmJYswzMUdx8gMaRFws
95LeMm8iB8GKT6WrTQojhA2Sh9ct6AYHgjhTJN5U4UZW
gt7MmshFNHQXHZrca6s7XcKMx351nTWGdP31F9muqAr
F8DZtq5LRXSxAgqd7JumPF5bVb6mnwSR7Jw3seNFvTDX
oUYYRv61dyGzxiGgung2eeeEKxz1fJmVzkfdqJ7rhsB
3uoBZFctZoXudi26aLFUgjyBNQ4Xgz8oWsSCeWbcVnxU
9NofTr6vRoc5MGtfteuGcbXn1LDaSrVQ6mPYHccTn37e
DfVmNt1gkYFxFLaDUnDvKxw63W13eNHEB2eo2ADRiNLK
8h6qWBwveqzLnV11yfZ6Q8jcncRkatMgcx9HqDji6Q82
8M88YtkuD3gEv9aCMMhkqpaFU7eL2dwzcitxvgTjgGWP
Bz4JSWyhwUUcqg99BeVHGVVfbUDfmwFuoXQ8GrF9JmRN
B9H7y5KqJPUXboHYYmrePrLPfzgBtU4fKv3hCExqgTuo
FLmEy644WN4uBMC2tzgSxGxG1Ju5Q8eRM6YZrZj5v4gC
Dr68RwquT9ABkjq891x4e2gkDAmnKvw85cQyiGcvqvzi
2nxrM3WwKjQf1DYc12gCbba8UmqPheLmTntfJBNXanFf
BMPnqZ7fvmfm9pVVfLKWF1LWsCuveyePdqFk7eauTkKm
7DcFTCSzioJ9WsDPcxpgfCHpCuU1g8gpFjVHFYZHBDYn
CAC93YFDFVH4JHzVXxNGi16UR9jWF6uMWGjf4nrwii6w
GncF3PBHTmPCgdUEVVKBU1JEW4VymWU193RvP7ZTK3Ac
AomhVGhbdwPoieo3rznMivYyBiR8TfPn88j2gyuCEsb5
DUCifAEFLt3pKf5iWt9bHxaS53z9TaPtaPDzveJdRsoa
2RoRKJqSkG8vqqq8pz42dwAT4kYaA8VVh1Kr6eVVvucG
6mnzQtmGeGSJJvSX874UFEdphSestszcSegXXyvu6fbo
DZAdyxDwAzsNzCdNdXJgZq4Xekrgxc1Sbwzu4bKSqyd4
EuYF24eR6tpbdncahGT6Z3iNyXs7yjJ7JFuJga2wnJ5E
8EsQbZ6aVhkJPc3pcXmABee6aHAErX19htsRxH95T9qX
GsoQL2UKtkvYut8vxau6VTpKjyjYas6ku7bav8wrW6yi
DJs1XH7ddxHnYJf3z22Whc6UYVkxxz5cMuCTCMTMjFYC
GoByqhJDttvQSGrj2xDGn6XRdKHLQPayxF8nx17Ga2jY
31gMxyeNENJz7UFbUSUvwEYiMcAz6KS5b2urD6FihVKg
7pQSuNaWaksFs6cZaFpSJ7duddmcKBorwtazQrD23nnB
D8JxeJ78YEvMuCec1jivKjobBUFmyGmkL4FQ6nxbjh7n
BmvahHz7cx5FmN4zeh3tEZfn849jYGtY4zDrVQQWhsDZ
ArBv2KwPEqKvGXwmcNfKnznm24q6rVzkjVp8NK1rLoGh
9z26w5BRdFUD5BZ7RiKfuFSUXRKyTNktKeLFVnxNDF4F
8CqnrDQsRrTSVg2PwRhn9DnsnPdaAqBbd56FMYmDjvk6
BJsyAXAhbJ6i6YK2ZX1Nnig2CScdcqRiftVkRQEyJ7mt
BULPURG9N4PqDCiKSgYaYmJJTj4ZPVn5raFDA9wTAQrc
FcZ8amjA4SrtPVSfY4r4bdLCq3HvYyXEpcXGRHYMwyJD
7MtwMdQsgrCPmu1aaBuh8E99b7vf9dEbKfnQSXhGaTu3
GLS8sCH3YbSJJQwpooBGvEX1HxgNWP6x4YX9zLmtx1xY
BFK7AHnYbMi6AErR2Gq1oQcYCwv8ezZuGhNUmBMd9bZs
2Wq7yGjTXQaHprrHHukf6LzSeC2dpbkDC1B73kGa71PB
EMX1LMMYt8QxRo9HTnoFQHj88L1fUZ4TNUYvZ81iznVj
GsYrFgSGJzWHMFFGfy7YVLuQAUaQiVSTrRs6MJeffPrb
6SFftNF7gN8BieieD7z8rgiHdkPgJEuPLoQnKKQGtaN7
GT3Lcw9uhCdBK2Np3yhtwQN41onwXhZJnMnUbG4CC93J
3rRqXFuZ6L3s9tmtCcny1yAW3rpgcD8xjE29BtGvjBQY
ADJsb2iTUiQwbiyRWQ5WNFUwvbUJe36AvqswEMfQZAqM
Hsscr9WjVb6VSvkqtpeX2WnU4Dw2cQ7CkKfJswtLfBNZ
ED5XNjuFmkBS8QJFkiCN8uwmYTevLFottmRhMJFeGMBd
2e6XwneojhcWsML5t7pzKkJcMWpdfm9b1HFa31e9geF4
CJ7aGBn35kyskPT2v3mFycSypSN7b8NyzwFdgjfYQjwQ
91W947CfvQPiLA9rUDoNPUpaTpW4SZNBU81wosxSi6L4
2Hf63hBn4Hh39BdA7q2rEDSD9LCGoJMZPdACRJp4AdjK
DKwMFNxMgjH3uQLTaxqZqGczqay9Me62jy6KaqXGSd8n
7FSDyZSPw1edCaY6xkBaAzCCijcUoBitTodS72Uzccav
MsywpBXBjCiZXfi4wvo9ifWBWsYNzprMGgooCfECAs2
6jf81iEt2nEpWpKdV4B8RAdoNntdNiZqdbaMZt8NhPnd
4mdEd9BdayGHfjUDsPBCqCHLrtRyvmpyvXiXRd2cCNGH
H5ehReKtrqADeSfJXszJvPFDmTxXEcxmDhGEgTsfFZ3o
6gstZNwDLG769dhZQtGSAPiVm5YYDaF3pLzzA58dt5kb
6dBWfe2M6xSo9976nohMNd4swdu4vMVYziYyGdiZ3adE
5L9TnbpKYMuwLSijhcHYdGBFvLp6UtgLezEndhNkSoGK
AoH1VfAw8yjRW1F74dhrQj9L84qFZ5cMwdSmuZLMT2qv
FFRHQCuWu6Qwzhe6Va6vafSXj3KgwiayiveTmapnWSCr
txDHRbikiVpvZhX5jMUm8taT6GVYQMohrfRq1di11DB
H3eH1FE85Nw3XVcXCUA9iT5B7s5tikt9H1fFSi3WuDY4
9TrkFyZvBCB3QhKCJ9xgXrCqn3qiHTnkkrfGWmX4tFuj
CZBsK3yYKpYZGbfcay4A5FQF7boKVaZahawMkXYVxZfh
ARQhxTd6jE2JycBsF7T99xDYnk7kysQ7FgUGwZDGmNG7
HMkJarRaYchm7Tzy38snQX63Xtx5LCfH7g83pxexzURo
GBWkFZZppTVhxAjcFDJYvRu59Ck4Som511zbNCG89vRf
3SArRuWJGtUtTGfdFwzCdjmXDaUqjS4DGKqrwWhQsyEo
DaQSkCRTWJS9dASfCMkP87N5m33LGWKinSKfjoZxV3iB
EXYYmKRNDAb2kUnMvxTzg98WS5zMpcbqPbpC4xbWacuu
9G7gR6YzvPph9G9pHyAp4LRo8m2iVs8kY88oPYyVfoAj
Gc7tPKo5t1owhDLYhkN8qbCVckXsgQ9DHQRdfqrjaVCL
AnoSpY9Und3h4vkmVNZRiZG6Jed6J7soBd4BVVSc9Ap1
BwM2gB7uomTJ8x8C9FhHSbrcRR4vQjLBwgrgHTQEAw1L
2G18aS9tc1g4WdQZVm4fTXG3zRew1MLv8WzwiGW4XW3X
6CjaNmMWKVLeNcnQY5AUnTkx7526GuZu6rEuwca5BcUB
8Fs4Fng9sWoaZADSKCBMiUKe5WqWZBEo2dNsqygcxQNJ
rv77z2ASwpoJBFcLXydt3umobCqg61N3xgP82zduPFp
4SSdbrteeBsLZiBURUYpaSJwiXHx5cjtyvdpzVegE8o4
Ay9JaxwyoQb6RN34caKfD4j2QwPM1jieQF1WsKXrE4sP
Bs6MYrqe9J8ghXk1rHoHfXqJMcrqF3Jga8gezJ9kT73F
A3fCiyYB39be4VknBFiy9eFppoHwSxvGC9Uzy9jCw5sa
97gTgiFfmGmnKmm8ABdHiMsymPNdJD4XhWAmkZDyHQRb
CHsMtoCcNenzqPmm12s56s8fDiiA4cZTgKqHnUyVthwY
2CThs9WF343i8d3M5QuwvyqoiBF4aQUTJJwao9Jaqu9Y
6xhtDLSAzbx6HGChn8C7C9A9thFAFqEQmnF72zAyX2VP
4qJk9spqt57ciAgTEu4PrP73VPn24MFc6WXZczpMmUKF
EgZAo4PaLACP2A1HV2U3Fb8VbsjHya28LxVqh5byGb6H
p23nqz9GFZTJcuHgRWaink49mV6saJ1Y8EY1PsrtaQJ
41kkWU9td6HQh74QnHy4yi83psL6Df1hZBfmEHkWDXyq
6L8YPDFusKA9GzpAiqLkEAS5omNz5ThuRmoTBbfQEnX8
EnHLHg8a3GnE1NDfpy6QuZWkgossGVfsv86hqxU4dcwu
UFu6Cz1mN8Q1g2ZhtNEKaDCbJPsPYk8MJ9oCYt6pJyn
6fQqPC5bbXZWUzMVCQWP8tqGqLEVBUqCZZGAqDobSs5f
Ej27T6JYwdQXHmx8YSQiaE7NQTHUzacTWUp6cqLKMbSL
21Vw6ztHTjrNWNVAdVRkbohoBThzgM4TPtksyn5eezaM
HrKJydH6Mu4TVWAZfCpovX6XpRRWfXJXFuTdDsfSvfxV
79v8oJsTPH2LzwkoCjZVJDx3ccB5rQYj2VBtdTiH9Yby
8GSERe4fRUgMByWCvvGC2Le4hMYvgo81KxyuvAfJ6r1X
FgSDTARb17kkYpkiLZijYkokKTqP9MjQbHzMht3T2okp
2PDRkhEncydRLwZ7eEAyGMwCWtu1ibuWh8UypbiMWUaM
8J1mWEWuzKAG3cBKVNFGZ6MDD1ma1tjVRw9Hf6KJyvvv
A2dQkK8BSDPaPMLDoS3kjey6DU1eNDGqzAqv3P9deZe6
6J7fqg2Tqwoes5Vt874CexqLZeTkiUG1woeQKUtuZ9Bw
3oyetppe2zrKUesUxrAXTWkgyZK9NGsgQHH9hDbnh5aN
8JL7wgyLteHKrc7axE3L25QnJmozbj7ApvPHmaiWyJpT
AXKyc23KryH6QADWC1TDUWB2Y494cYbLFSnLVss1R9GS
ASAn3bDtx3k1WYbKmYdbMx9k1qFWi7v5fcL5f8caQreT
7LKYJXT4oEda4WUJ2jZfSNsivv67zxhVpiUXAsFzJcEn
Hk7T9ScC9XWqnrM2z63f8HEJ89Kx76ciRihEHsyTbHi4
5bFE8sNzJWg5VGcUqCFcrcKfpRASmqUeUDTrPjanLbzv
RZpPMt4hrhy4pE3WpDQZPoVHCyL8FbzHfb2Ash8UV89
5rnLifkdXRSPzjbGo7EEz2BgcsHftxpWZEeHb2x2wVRY
8QAxEKhcJbQXxVieY1WQ9JjwU9SVYaaQCtx5tkKVykuh
EWR1FAkotyV2m6w1H2J4b2CPvkdGRhDKLF84e9WkHDqr
2hJsZkpcaLHrbKJmAoDmZBDXjFGyYLAVw1m1VZWmKnsg
DYgMVAD4DokUstroJM1weS485kUU2YejEnAgM3qPEzsP
FQQhQb4joYuysYaAeEcUt3C13kuc4ZKVwZEmZ7ZwVGbb
FfRQja4fo7YkV8YJTk6eA9Pi2mnigtXk4jcxvCpBQ79j
DQP47NrLy89MepSwV62sQthWSo8uHs3iHjULVZFb342s
86PHccUUgdGmwK1QKju459icXxLHwo4jX98u3ZPJkNvd
3pkRJoaAsb1rtrBefK1Kn7HnHTu4c9c86uaLCJkzCSQu
Htsx7dMRNjoUjskUeik5iwBb35GSpUyHPbNrUKWovvE8
7sYMGXnjyEMNmV5JUsjg49xNzEQBQuqBGPzGwrjewjcd
FVTHwK4G65NjpB6ZLPjpidKxxpUoUMaj1htZNUamiUgf
8feJWVaYcxMxckJuWRJyT4YR3r5TH5KFxTiaCEhgBzC3
2rTqYDEsdKASQ1wywUkEgiMJgsGYSzD8fF1oovG74wRw
2oNPk2SLYiJAtDDvk6JNBhaNv7mBHi8h9TzUXT5CgeEN
9UExJ86TCyDsVE4gsEZ39yLcsV38ZYeXHrvNYi7RJxH
4TU7oxF868aeUZs1ywoM6Whuqfhs9duT3Jrk2K1Qb4hJ
5Fzz92MC1rYGVLFKByY2jJq8LxYDeBUaEtMPRDeojF8r
7cApVxjr93LG2RHysFhkcXoYL7sB4Q1ryJ7rBFHmsgEu
49ZowjXvBkni4c6GB4BLNP2PaV4EiYja7fCTg4zDFDgk
BkA3XWBC9QTQPFqQxpxjqXQUPgefPcaVTnT25tV6C2WX
GbvDoztJRjzs8aQiEWwNuBfX7Rr8gSmEgQsRMXD6yuZC
AY43u1o2JrWDrxGtBvimAc2SASkP1k73sMtqtfzDbBUR
EELX8wtnmqRMARppVMixaofWU3ZHNrnSGR1KRoRCtGQ9
4uHdv9caKCYNoeXC2mvA5Hxxm97oxSasN9dzrKSFDrhz
9PvKsHi4prvy77waSxUKbseLjHdaVYLCqot4Rb3mW4W8
Dm4VsBLXsbD8X2wVp7fj1AUrmrFw7eBHTJ8UWDcsBu4U
GR2BQsZ8VRiCSxyhYgK1bhNfgfnAi3iCZMGp5iorQYmH
GGAUXsAqNgLmCLBirPvXECPA28pJF5h1WUocstRBFBUC
J9GhVF5x5gs11vh7Wp3eaT4A4rxYdDvNFJu3MdW2ecvX
DowSsG8yegus2LCWeVAHBphkXMHEtJ6rq8zSRnSaFBcg
G1dSQqPrnASxfHHxM8W1C5ubspgATc6ayz39ECrhZkTm
9mp48quwYuzysWJity4GFtDa3XakniWP319nMRhYauRc
9UGSqtGkHb9QtJL9e1Q7FhG1zyDJ6ZaRS9ZtoD4PWyqK
EvH9XYthinexQSixh5vMznAz2SDoeBJPyP1YU3tzbb3r
GZehAMygXZtf2nEXC7mL2H7V1N2GKM5gbpJfLJT8xRc
7aG1heB5cUs3Ns51LRcbzaVyEazdxcGbTMcxb9nQGeNk
4x4dweVX7g5WD6MmC3pDjnNpVivY9mZh5uAy4TeZAhdV
Bcu6AKudKeQKB8kZNZjbtYWd7faUVsotvud6MdnBMw8B
H9z6FYymUXmDEFzAx4mbJjwxXoohtaJyHMaTM9axuY8X
Hb2WmADy4VUBhxWCTTqSMjkbYtf3SJ5syJt3p9Zr9Vbf
FiQcKmgzBncsSFkGWEMgEysauVEiwhk3d7M9XCZTdv3Y
CAsJ6Uk6pwrwggcb2hdWrPsj7afe9unNsvTEr5U5sxwb
Fmms1psNdLAqTNPNkMxq3vCmkcfgRVVgYmoJYGRD1N81
CxBeHViq2Wa6BMWySqCJpMUf9F7KLKRF8ypT5DvdKSW9
DzvJMbb9M8DSkJuV7ddwRSSvoNc4CJpuRWxxmd1jxBdf
9QudEzFV2EmMB8iuXxMsPMBfd9tznNgn5RsXDaBQMXS3
7EZjA5tbbGfMgK5Hhc8jZR5sXfEJXtxy6FVSC7aA3JjX
CXYe1q3HLs2C5WC8ggiGQuH3euSDLMuH2orRM87YuDm6
4RKtBvpR4UFudNYzxpaDc5pymQEqj7tmXqbJmbvPtP3i
3jPhdvuX344uAdX9oxE39zsvcRkke3XxjNhDoVeu72yZ
6p4idZnsz9DfXYJuJMQohR5FbSJT6hkmgD8m3T4UejKd
8kndn1AekxS2ryVtwrEveX5nqdSMKUkMDY1Uaafads2u
CsrHG866ZMyA7bFnUV9N1taUb6fsEefyTVgiFXAQXQGM
DnJjuU3LP8ou9aNWuaciKM9Rqdwfm2HesEZzXctiynmG
Fhqo1pefovZcPAJTvEhLzm7x41XoB66NfP9HFU78Wjy2
sfGSAjVd9KBDXpbH3tRYDHEEJQGyZHti8qtq1we7Vbx
Gk55EBBAhe7eHk1wLTLTstDYEKPCSedS9BmssTyRxhmD
2aHtMpUnzE56x1XvrwhQNJp6h6zHqae6n4nQcdF7VfJp
6XpuDTzSju2A6XfLdXPdG7RfnjaVGzPVjfbR9NQYn6ZV
HmsFJ3oYe1JBqBU9oGBtEftXadZ2tqQJUzCXskoEbhkh
GAQDBQTFpYy4c93rWSuPWDmqZ3DfbfKGPQVLAXiG5PC8
7WiAeJZRyJcwzJX3EMVs6aTgmXJNRkYAFBFDn6D7vhmA
BK274SqwdHRzvDahn978amwVD9tEf9uHF4YReAiUskCD
CDg7oH5UBzy5CVZdqayMsPPGX8EdFbzRY2ZexpbRMe68
C8RR7zv7U4naPgW7pKHLdjKDrDckMaVKpqqhktSwp9HX
745ABJxjXFaB3P55LTZDVpXkgQifJCcsfHDTmWjJuNzc
5NmLzoC3TcK78kGBZNubmG18s7QeVquFE4FaWVLZVu4
4QvwSt3xGuu253QBpvRhHtFyEsLxEefVYMwjufy3rFVD
A9PY5HU9ZgmBpPxY3qEPJiZExDsbyBJZCfAm1erRvgsT
49z3b8vc6qkFD98oH648qunJ9hbKQjYL4AQJDyndtr6E
HJMHxEpBrmypM9KkoDKNfFcDkPg9K4UiLMbvRKHxWQHj
BwYT4ALkTM2Li9VHr2wP8AHroypQWLcLERuxixNQDJC5
6tQPdv26yGzocoBe5kVkyxMKKjH1attrQPRSDimtxVE9
AbEsYqTjAQiuCiBMpHLAU1jf1C1kpmbtPFhtSah3azBD
Gw69im4Yt1zYVzBBdHDan3eaVQqMkQE6ifqZeV9vTN3g
DJMiHAu65GLZQdYqrCtUaXmWgrF3tqCGHuVkuNsvxz6C
Cf7uTPMWwR8K45miJdj5xJ1JwMTy5XAmowre2ynoSJDe
6bEYJKZAFp4Lh6Lt7YhNDVLuDzkTHfYk3mEm3QwTX73e
5JPD1Bs8ekJdC6BTHC8KTvnNcpdXE4fiLXfieAt449jp
GPvy65jvwnzdWngNyo1LoVJt1utoy3bya2cn2o4usVZB
63BvkiTyP8GSiXgbhnCC4aiDQWKpPd6ZjAUFYrNE2eRg
8eFy28NB5SBG5gxvBQSZs4BhuLxtQnJk2tzvy8CyQf64
49d43ZN9ZsMEL9dBZFHEvZAGJaBLQPQ2pBUM6q1gci1W
Epqz4LvP1DZXfR7t424A22Pez2waSvdxxhuAifNxikq3
AF1qLtt3cBdVpn9dFGFpstgxpi9RgV6J9Hy5cof9UAA2
AzxhuxA49c21hAhWQSv6VkqsEHsnCRn2D7499w4zeYK7
7NdTep9ZcRkg9aBVZ7tdbzt45GuLvYj32YJzHfKLQxzz
9mmqXqRd5T5NCY9AkyejNRhihzkL9zsXJPEUM5CpU6jd
G8iK9nVndvDvsaDbaKLTLQJQNWgNJW9cgQorrTUj4FPb
CBt4miEMW74bWbdGUS9zEwraocKYh752wZBZKxRgzoh8
An1qZrAmCr4PspT7mEQVtawCoKSqX63C548Eqe4KvfHr
6X7MPsJdZ2Xa9gzfmDv8WrApZN6g7DY6FhrcqaMkMXM7
52gZCRkfYVswFdqWMRNnth9xe3DxtichfJ87aotizFuX
8BymQw5B1xiFK3k2hiWPwLXhQ6n9P63soyrNH99iZMsb
EMxMg5geyJjWhaYoRGQU7HUnYqG1dRsEmBBjJyf7PoVc
3kL4oeqTNRkcoQVxQJATWQqBxEu8jfA2AsWr3ZXSvBrs
E8didoDb86F75qYBCRBSaZV1wN3o32gawUCMoBMzA6qU
3XDhbi5XrnSHbsG66FeDwVdpRG7mR9kcR7H9mak7M9L9
9npSSdavcuHwDdDXs1YKSjmCFvjkxuzf8Fi9nwQcnApX
Cdm7VGovCn7k3v5CmTP9sWY4TwdJyVV87BxRhcws8nSn
F3EJBpwB3qDvU8jR1kstA9GFU42w4Rq7baBs43iZ2zn3
88vQFdB88V2w9imQhHMY5qngTwifspCQyXRyCSFAqHW9
BeGLCdYzXYJdB2vTuWw7GHK9v4rb1wkTFGJqoeLxdDXa
CS7cFkWok8gxrbcx69PTn7AwPXN5n83BSDr3RsqjaME6
3Ggy4tPoFKaUinaV53mcN8JyTCtZ15rzsBzyCZU5MxbU
E4MZzCycYgrSEuyF3wxKm1JUEmHpoSa2PP6N74JSjCLY
FBDH2dvygfGPQLXN3dX5Uu4if2mtD1kD6ggNGstKpVF1
B1z4oUWvtin4BVYDBwUBKfbWFJVsu6r3k2unktDs3k2H
6HXwNHWiB3yLM1x8fpWJcSiytpUisVTgjAn94gqBZvQx
91p8taH5XePFGmmoCZqdCe8aMvoHQUvFfFnZTqECqGZw
HTEjPiYk5KpfWSZtMUdgBaiZJmsNTxUEGKtkcKWmiS7T
9PRiMtFQbdXyzEYa4mBRz3u1Lx5yhuofF1XsG7BgHXho
GLSZzGKAXpiDvF7rEJutUjDwKdHHhMXg84hnufn2Dih5
9ZRvNGBrr87ui8aSLXJ8Zfjir5pSfxBYmkcrkuRYWLny
FZNh2JE5tNPn4ps33AVwDWiGKdnyZBRVFPpoeErBbvBy
2tvRHMbAAv9Py6JWpif5mEYoevXFFwcqrw34j9XLWhRw
9zDsjM4L1145PVSN6b4vLHC4M2SgRNonihMsbHuKgWhJ
CMhzRxm1yPawYcpqbhPu6xwH3Xh43wuYxNRVdJQ3hpkB
Ai22fS4y5LCHGbHx2bUdgAH3Qw8F2BiwxAYGmXqLWK9U
Ar1NSEX8HVrGpaAJQtrgeu4MTXAgHptbzGWhWTDw9YVT
66jZafR7vnVTYgjuAPpz8oCKUHHf77idfrNGXXNjsBsB
xKi3uLCd9MipsPL2SHPY1d6jSBdLw9DejQSsAQjWC8K
2CPCyqU6Eki6mLMBtRiZYQy3xAFyybMba2E1ypGNvtJg
ABmCnVPn8CCQNJTbHQ2LeYbAcWuAsHhr9QyQux1EiUSu
Bhq833UPFcrpwjmxqMSAgP9VPnNKbjnuxkJGKf99xT7G
7Z7fN2DixGf7ZpyeNKuFUMatzckVTZ58QKDNTz5bk6LT
Dn5TA48XSA7KsyDMbfDfDDecTGJSByiVhgRbxBbbeHtU
Db4ifvC66FPY2WvGYi2LQmEfAUEprfWKcQkTNtVNgvig
CBZWVsUKcUBRjWyGYo9jpdbBKCshiABTHnuUSnifKXLV
W4XYf9wgHuNQHNo7ayWUnr2r3BKsKCq2RNSmuR4BaSm
5ucfGdqHKrUiDHv21517MKCwynSLW4u7qvFbeBwwBKms
A126ywtfdRwMcNNNqZt6mFhsH38giMQ3JaVzjz8GHuS8
HUpRgiMcPZfYSdPTcVdqn1pB6B9BVVWTJCDuKYNBfsaM
HKrUtPBVJKoLj8JxM1iNfKYzHNwhjAamPWoaqDqckBNC
Bz2KfQ4WVRUaBzU7UsMtgmaGbk4bSkSrcDUy74z7kDmg
CbzB4o8BaxQYByxvsH7t8aHAvTxa8S7uWcg6vFcYrgei
7fXia8m2B5GXcnPqp5GQMWHowQfqy4MR3QBn3u46hFMt
61ruFk4S99Dc9RSBy997xKYtJa6iebMiRCWoQezKo3DF
AtLo2HFgnsf2hsVqUNMyPr1fhmNKThyyKPRkwSfPyoQk
2JA8LBLD4hNq3txaFgL7aHEgqYSpwe1fiRLF6ug5t9io
9GSULP5qT7pSXbhEX86Xw1HdvgWorxHuuP1bvjan5VXT
FtHiGwHFVuUYTy35zKjZhJ2DYJY59N4PE16tMMGjxHiN
CRYQafZFC4Ktwy442htEXutsTpa5SnL7cK5Td4rfDENj
7d2132HHMVLvpzZYuBjbLtC22rZGEVAWTiiaRH8ZEWQg
4iyF89Djcu3AZ79WpDjgKvH6pjFgMGrJX8QruYdmvduw
7ikSWghtLoaVPRAcCoFJoqZEMsjpqLhKWJ5dvQXmLDVs
FBDuwtq7taVPVSvAfFPg3HgdjG4fMFC8ymJiPk6N3WFM
8oNj9QLgZvCLWYrcsULuvnn28dtnnye8kLccsbEKvRMK
BzTzVKgKVPkytHrxjf57pa4N7Xjre22yQng5FdMo4ZkZ
CGDDkp1FLgbfNWr2et5V6iPNUsFZxsRUtkxUpvfELkFi
4ni5a8XApQsjhKVETbUCPLrKFjKLomAymaVcCdAjqE9G
8C5LzE2ribRRH51nrmSzumZDH4VMcLThEA3Fat7zy827
HwFe9MKAZ5wQA5asbry9tuBUX3zgWvjTWpKNaDk7w2fp
HZdWAUcNcCurLjV5Ut5HbAyeK6fu6SL4JhRYBSCmfMyF
BTx15FtoSy2SubDsBvPiNwUNbtEMEtrcFPZqkwJNjPB5
J8gMK6ZDauSTEysmJCtCsuDyWUBjxGKYdRTNN9HsSbgm
F2hmPENMADmijktv71YdmBjFy48wU7bzdaZwUiX2r8ee
FSmQ2rPMRyxwXbXatuNRdMCiPPvrorp4EtYKT9UTzn5b
FLNKrVP7SaBDMsXJgNbYUtBKwmqSLbPKHoKoiFJdt7Xx
GyZyDp8HSXNtpQ9FyqLCcjiGhsNUAh9Y8dzQqapDX8kZ
EhpUJdHBR8ovuAcwPSTp3nE1xVKvxV8QS8thxYjH9kAT
NekNufpE9cspKf9sGfH9DoLynWgiBUbxsqhYNLeGn2e
8XgSc9FeXswMeoif6Vtr8jny9EqaSbVfM6i8KCefkRhf
6Z3F74LrfFDKPKBTxRywBmyjbUYCdEnpLoYxmFbKD7sg
8kQxbJaHsEe19XrVMmBtDhcF6JhZpuuB8q5fT93W2QJ7
VK58JE8wfrNNRsTGBsiDt48Y43A1gaJn9dmzByU2F6q
8hD18TzLuE71oTRm1ScgFyerbqZF5CcGp885jetgtQ8E
3yhFKDpHTehD1k3zvRNkDhRxoR2Cw3S7GUP7ASXbSqtw
EuirdfZWyPbNWGNXb4goLUuTg8Dw5ddbWUy89XjEicGE
9sGVDwFzaYUrACrMBrEMFaAG6P8iWrzTDVXstoi7JdG1
DztXKCewTLh5H1fGZf9XtxMZLVWH3VW11n7X8xnqYF1V
7iJ4XH1VR9vHSVxQc22VsB8Z4ViEGQtsLZdMFwhVVj4M
BWsX9xXDD2NUKnwS84kYUoFBqMafhdykMnJcPYp7DzVF
7SWzMQiHVkeU429eyKy3ATG9jnSeH4vTBTjRZ8Tv9y9X
BNkm8sNZwqtaYNg1fQDFxFPAExM4tcJNwHQQrrrp9wyc
3snGmE1YGV6S3ev9vh5jxJ9LJdaTnUNh3EpoJNyuL21j
DbLoRRGtRexuydij3raBeTcuFYCckGVZC4WHRpjX9dWJ
4Z4mdy4a65q55r3dvVwVvRdc5f6aTKjnRjRXGARf56oM
63K2KpY49LSRsJQmkXiwKM97ug52wNdUkFyWGURt6mXV
5UgfMChv3Xx2K4XE8GDPwDMTaAPCvVaZJtxdLYn173RL
DhsZjNBVZ97Gd5j1m3U22v6tSh4mtHV1tR1wn8fYBDZe
FSttB5nnzmXvGJ5RREiNpeLAeP5AvwL7uEVMRRmmGxda
7P3JTJQb3fzPsfjoSALC9AXkBXNfJFMmT1MNHiPEcegu
enf57nyJfMbvXT45o9x3H4gvnTuhk4iFuTFVkjbbbM8
FmNxuwk5VZq2aXRAChwKAiarm2HTeX5Yt2xuPq2krSco
FmNxuwk5VZq2aXRAChwKAiarm2HTeX5Yt2xuPq2krSco
AdaMBVmuk3XEqDJX4Zc7LHMm2MijtFzwxyf8mEPtHRkN
Cg6GwUsMrQfTvrRgjDwmSRnpuuYAwPdxESTTMsuDRCmJ
AFUaVXf7ZyJV2zn3PRXVo4aU8p5jZR4xMQSTbSMtv3Bz
HxWiZ3nJceDYvzfo98k4CC4aJz4H6mK4LpLDJJKeVTZL
HJm2WnSYeDEsDa44PVfVCQrQW4ntwGURjZ8CyLUPWjaj
5XHnoKDVcnk3dcRoNczJ4aQgRuiMcjsiNaux1pp5mfbA
86JxyM33uEis3tQ5t12P6uJPmk85Uvg879hR2pWvNKoh
4fpY9jytPpVvwKFBfd4nmdfR7LsN9P6DESzY3EWMPfpk
9zXsc93twDnoDfcKzrxc1wnduUL8SL1mvLdRdSjgk3Zq
92xAuDyGhHjwahWUJHpfH46uftbuEUtMQ5pqQi9ds9xL
AUXc1cGJS73guhPxiH4bWBgCWE37EHEMqhys6gfe5keX
CsbsYTCrBXdue4MVRQgvsgA4pCcdNgeiPRo4bwqYCJ8A
EjL47p9Y5C6Mw1THCJMq1e8u7fKXCX3NHQA4tjUtPTsN
JBnE71Eao6su5pXhUeuwjViUfT6GVwpsmctWmDYuaQwk
3NqAawoUjqEWLWZnuj1WvV2YDCeGVEUtRnsBjjyvvLUo
6Hezii7y9a2eTRy5fTGeG2fFNieQB2faynGtEiedQLHB
D8DMw1fpoSLRmvMj4zdN8ZuR6cGuHFCo2hAG6wfruQeK
82QHjJyiqHtFmQThZgfes2n3hkETwrsDgAM1Coo4TX9c
DrNovVuwm8iTmyYPGhFQe8CyVLtBEqFMSzZL86Z2CyqC
2sThfhuLydYe9fZDuqcPiQTQK4NBRe1oLc1XydQoPFys
2Dxb2ggcSjpEBPcggAfj9sKZj6QzDG53ckusc4J4nbkH
2DNCucw6FfX22nQmZc4rax4JqDMbX54innKynoAPBH2Q
